year,exam_date,discom,post,recruitment_route,paper_set,paper_status,answer_key_status,verification_status,evidence_source,notes
2016,2016-10-02,DGVCL,Vidyut Sahayak (Electrical Assistant),Regular,,FOUND,FOUND,SECONDARY_VERIFIED,"MaruGujarat","Exact DGVCL EA paper."
2016,2016-10-16,PGVCL,Vidyut Sahayak (Electrical Assistant),Regular,,PAPER_NOT_INVENTORIED,FOUND,SECONDARY_VERIFIED,"MaruGujarat","Cross-DISCOM EA event; paper link referenced in source, not independently fetched."
2017,2017-06-24,UGVCL,Vidyut Sahayak (Electrical Assistant),Apprentice Lineman to EA,,PAPER_NOT_FOUND,FOUND,SECONDARY_VERIFIED,"MaruGujarat","Exam and answer key/result confirmed; actual paper not recovered."
2017,2017-08-13,MGVCL,Vidyut Sahayak (Electrical Assistant),Regular,,PAPER_NOT_FOUND,FOUND,SECONDARY_VERIFIED,"RIJADEJA / MaruGujarat","Exam and all-set answer keys confirmed; actual paper not recovered."
2018,2018-02-25,PGVCL,Vidyut Sahayak (Electrical Assistant),Regular,A-D,PAPER_FOUND,FOUND,SECONDARY_VERIFIED,"eduFROG/MaruGujarat","Question paper plus Series A-D answer keys."
2018,2018-04-22,DGVCL,Vidyut Sahayak (Electrical Assistant),Regular,,FOUND,FOUND,SECONDARY_VERIFIED,"RIJADEJA / MaruGujarat","Exact DGVCL EA paper."
2018,2018-12-23,MGVCL,Vidyut Sahayak (Electrical Assistant),Regular,,FOUND,SEARCH_REQUIRED,SECONDARY_VERIFIED,"MaruGujarat","Exact MGVCL EA paper."
2019,2019-08-10,UGVCL,Vidyut Sahayak (Electrical Assistant),Apprentice Lineman to EA,,FOUND,FOUND,SECONDARY_VERIFIED,"MaruGujarat","Exact UGVCL EA paper."
2019,2019-08-11,DGVCL,Vidyut Sahayak (Electrical Assistant),Ex-Apprentice,,FOUND,SEARCH_REQUIRED,SECONDARY_VERIFIED,"MaruGujarat","Exact DGVCL EA paper."
2020,2020-01-25,PGVCL,Vidyut Sahayak (Electrical Assistant),Regular,,FOUND,FOUND,SECONDARY_VERIFIED,"MaruGujarat","Exact PGVCL EA paper; this is cross-DISCOM, not DGVCL."
2021,2021-06-27,MGVCL,Vidyut Sahayak (Electrical Assistant),Regular,,PAPER_NOT_FOUND,FOUND,SECONDARY_VERIFIED,"MaruGujarat","CBT confirmed; answer-key/objection process found."
2021,2021-07-15,DGVCL,Vidyut Sahayak (Electrical Assistant),Ex-Apprentice,,PAPER_NOT_FOUND,NOT_VERIFIED,SECONDARY_VERIFIED,"MaruGujarat / FreshersNow","CBT date confirmed; user's YouTube lead pending classification."
2021,2021-07-25,UGVCL,Vidyut Sahayak (Electrical Assistant),Regular,,PAPER_NOT_FOUND,FOUND,SECONDARY_VERIFIED,"MaruGujarat","Written test and answer key confirmed."
2021,2021-10-24,DGVCL,Vidyut Sahayak (Electrical Assistant),Ex-Apprentice,A,PAPER_FOUND,FOUND,SECONDARY_VERIFIED,"MaruGujarat / Kawant Express","Paper Type A."
2021,2021-10-24,DGVCL,Vidyut Sahayak (Electrical Assistant),Ex-Apprentice,B,PAPER_FOUND,FOUND,SECONDARY_VERIFIED,"MaruGujarat / Kawant Express","Paper Type B."
2021,2021-10-24,DGVCL,Vidyut Sahayak (Electrical Assistant),Ex-Apprentice,C,PAPER_FOUND,FOUND,SECONDARY_VERIFIED,"MaruGujarat / Kawant Express","Paper Type C."
2021,2021-10-24,DGVCL,Vidyut Sahayak (Electrical Assistant),Ex-Apprentice,D,PAPER_FOUND,FOUND,SECONDARY_VERIFIED,"MaruGujarat / Kawant Express","Paper Type D."
2022,,,,,,,,,"","No new EA written-paper event verified from current search; DGVCL/UGVCL allotments trace back to earlier exams."
2023,2023-01-01,PGVCL,Vidyut Sahayak (Electrical Assistant),Regular,,FOUND,FOUND,SECONDARY_VERIFIED,"MaruGujarat","Cross-DISCOM EA paper."
2023,2023-03-19,DGVCL,Vidyut Sahayak (Electrical Assistant),Ex-Apprentice,,PAPER_NOT_FOUND,PENDING,SECONDARY_VERIFIED,"MaruGujarat","Exam confirmed; actual question paper remains missing."
2023,2023-09-09,GETCO,Vidyut Sahayak (Electrical Assistant),Regular,,FOUND,FOUND,SECONDARY_VERIFIED,"MaruGujarat","Related Electrical Assistant paper."
2024,2024-02-04,UGVCL,Vidyut Sahayak (Electrical Assistant),Regular,A-D,PAPER_NOT_FOUND,FOUND,SECONDARY_VERIFIED,"UGVCL / MaruGujarat","Final answer key confirms A/B/C/D; question paper not independently recovered."
2024,2024-08-18,PGVCL,Vidyut Sahayak (Electrical Assistant),Regular,,FOUND,FOUND,SECONDARY_VERIFIED,"MaruGujarat","Question paper + OMR + answer key."
2025,2025-04-06,MGVCL,Vidyut Sahayak (Electrical Assistant),Regular,,PAPER_NOT_FOUND,FOUND,OFFICIAL_SOURCE,"MGVCL official career page","Written exam and final answer key confirmed; question paper not listed."
2025,2025-12-28,PGVCL,Vidyut Sahayak (Electrical Assistant),Regular,,PAPER_NOT_FOUND,PENDING,SECONDARY_VERIFIED,"MaruGujarat","Exam date confirmed; paper recovery remains open."
