repeat_id,repeat_level,canonical_question,correct_answer,source_2018,source_2021,source_2025,verified_exam_occurrence_count,verification_status,notes
R001,REPEATED_EXACT_OR_NEAR_EXACT,"DGVCL: 4 µF અને 8 µF ના બે capacitors ને (i) series અને (ii) parallel જોડતાં equivalent capacitance કેટલું મળે?","Series = 8/3 µF; Parallel = 12 µF","DGVCL 22-04-2018 Q16","DGVCL 24-10-2021 Paper B Q30","",2,PASS-P1+P2,"Same numerical capacitor-series/parallel problem."
R002,REPEATED_EXACT_OR_NEAR_EXACT,"100 W નો lamp 10 units energy વાપરે ત્યારે તે કેટલા કલાક ચાલેલો ગણાય?","1000 hours","DGVCL 22-04-2018 Q24","DGVCL 24-10-2021 Paper B Q62","",2,PASS-P1+P2,"Same numerical wording/concept."
R003,REPEATED_EXACT_OR_NEAR_EXACT,"4-pole, 50 Hz induction motor 1440 rpm પર ફરે તો slip કેટલો?","4%","DGVCL 22-04-2018 Q46","DGVCL 24-10-2021 Paper B Q66","",2,PASS-P1+P2,"Same numerical motor-slip question."
R004,REPEATED_EXACT_OR_NEAR_EXACT,"10 kVA, 230/50 V single-phase transformer નો full-load secondary current કેટલો?","200 A","DGVCL 22-04-2018 Q63","DGVCL 24-10-2021 Paper B Q18","",2,PASS-P1+P2,"Same numerical transformer-current problem."
R005,REPEATED_EXACT_OR_NEAR_EXACT,"Magnetic reluctance કયા relation થી દર્શાવાય છે?","Reluctance = MMF / Flux","DGVCL 22-04-2018 Q25","DGVCL 24-10-2021 Paper B Q55","",2,PASS-P1+P2,"Same definition/formula."
R006,REPEATED_EXACT_OR_NEAR_EXACT,"Capacitor માં stored energy નું સૂત્ર શું છે?","1/2 CV²","DGVCL 22-04-2018 Q10","DGVCL 24-10-2021 Paper B Q33","",2,PASS-P1+P2,"Same formula question."
R007,REPEATED_EXACT_OR_NEAR_EXACT,"DC motor torque માટે SI unit શું છે?","N·m (Newton-metre)","DGVCL 22-04-2018 Q37","DGVCL 24-10-2021 Paper B Q3","",2,PASS-P1+P2,"Same direct unit question."
R008,REPEATED_EXACT_OR_NEAR_EXACT,"DC motor torque armature current સાથે કેવી રીતે સંબંધિત છે?","Torque is proportional to armature current for constant flux","DGVCL 22-04-2018 Q40","DGVCL 24-10-2021 Paper B Q60","",2,PASS-P1+P2,"Same torque-current relationship."
R009,REPEATED_EXACT_OR_NEAR_EXACT,"3-phase delta connection માં total real power માટે સાચું સૂત્ર કયું છે?","P = √3 VL IL cosφ","DGVCL 22-04-2018 Q14","DGVCL 24-10-2021 Paper B Q57","",2,PASS-P1+P2,"Same formula question with shuffled options."
R010,REPEATED_EXACT_OR_NEAR_EXACT,"Transformer efficiency maximum ક્યારે મળે?","Copper loss = Iron/Core loss","DGVCL 22-04-2018 historical source / synthesis","DGVCL 24-10-2021 Paper B Q36","DGVCL 19-01-2025 Paper A Q79",3,PASS-P1+P2,"Same condition across all three inspected DGVCL source sets."
R011,REPEATED_CONCEPT,"AC voltmeter અથવા ammeter AC quantity નું સામાન્ય reading કઈ value આપે છે?","RMS value","DGVCL 22-04-2018 historical source / synthesis","","DGVCL 19-01-2025 Paper A Q1",2,PASS-P1+P2,"Same measurement concept."
R012,REPEATED_CONCEPT,"Moving-coil instrument/ammeter સામાન્ય રીતે કઈ supply પર કામ કરે છે?","DC","DGVCL 22-04-2018 historical source / synthesis","","DGVCL 19-01-2025 Paper A Q11",2,PASS-P1+P2,"Same instrument principle."
R013,REPEATED_CONCEPT,"Transformer core laminated શા માટે બનાવાય છે?","Eddy-current loss ઘટાડવા","DGVCL 22-04-2018 historical source / synthesis","","DGVCL 19-01-2025 Paper A Q23",2,PASS-P1+P2,"Same transformer-loss concept."
R014,REPEATED_CONCEPT,"Buchholz relay કયા transformer માં / કયા કામ માટે વપરાય છે?","Oil-filled transformer; internal/incidence fault protection","DGVCL 22-04-2018 historical source / synthesis","","DGVCL 19-01-2025 Paper A Q47 and Q92",2,PASS-P1+P2,"Same relay concept."
R015,REPEATED_CONCEPT,"Transformer માં dielectric oil તરીકે કયું oil વપરાય છે?","Pure mineral oil","DGVCL 22-04-2018 historical source / synthesis","","DGVCL 19-01-2025 Paper A Q49",2,PASS-P1+P2,"Same direct material question."
R016,REPEATED_CONCEPT,"Transformer માં tap changer નો ઉપયોગ શા માટે થાય છે?","Load voltage control","DGVCL 22-04-2018 historical source / synthesis","","DGVCL 19-01-2025 Paper A Q14",2,PASS-P1+P2,"Same transformer voltage-control concept."
R017,REPEATED_CONCEPT,"Current Transformer (CT) નો મુખ્ય ઉપયોગ શું છે?","Measurement and protection","DGVCL 22-04-2018 historical source / synthesis","","DGVCL 19-01-2025 Paper A Q61",2,PASS-P1+P2,"Same direct CT application."
R018,REPEATED_CONCEPT,"CT secondary open રાખવાથી શું જોખમ/પરિણામ થાય?","Dangerously high voltage can develop across the secondary","DGVCL 22-04-2018 historical source / synthesis","","DGVCL 19-01-2025 Paper A Q85",2,PASS-P1+P2,"Same CT safety concept."
R019,REPEATED_CONCEPT,"IE Rule 45 કયા મુદ્દા સાથે સંબંધિત છે?","Danger notice / safety notice","DGVCL 22-04-2018 historical source / synthesis","","DGVCL 19-01-2025 Paper A Q52",2,PASS-P1+P2,"Same rule-number identification."
R020,REPEATED_CONCEPT,"Cells parallel માં જોડવાથી મુખ્ય અસર શું થાય છે?","Current/Ah capacity વધે; EMF nominally same રહે","DGVCL 22-04-2018 historical source / synthesis","","DGVCL 19-01-2025 Paper A Q53",2,PASS-P1+P2,"Same battery connection concept."
R021,REPEATED_CONCEPT,"Conductor નો area અડધો અને length બમણી થાય તો resistance કેટલો થાય?","4 times","DGVCL 22-04-2018 historical source / synthesis","","DGVCL 19-01-2025 Paper A Q54",2,PASS-P1+P2,"Same numerical relationship."
R022,REPEATED_CONCEPT,"Overhead line insulator નો મુખ્ય હેતુ શું છે?","Conductor ને support કરવો અને electrically isolate કરવો","DGVCL 22-04-2018 historical source / synthesis","","DGVCL 19-01-2025 Paper A Q48",2,PASS-P1+P2,"Same overhead-line insulator function."
R023,REPEATED_CONCEPT,"4-pole, 50 Hz alternator ની synchronous speed કેટલી?","1500 rpm","DGVCL 22-04-2018 historical source / synthesis","","DGVCL 19-01-2025 Paper A Q32",2,PASS-P1+P2,"Same synchronous-speed calculation."
R024,REPEATED_CONCEPT,"Alternator માં hunting થવાનું મુખ્ય કારણ શું છે?","Continuous load fluctuation / load changes","DGVCL 22-04-2018 historical source / synthesis","","DGVCL 19-01-2025 Paper A Q33",2,PASS-P1+P2,"Same alternator hunting concept."
R025,REPEATED_CONCEPT,"DC motor માં armature ની rotation direction કયા rule થી જાણી શકાય?","Fleming's left-hand rule","DGVCL 22-04-2018 historical source / synthesis","","DGVCL 19-01-2025 Paper A Q96",2,PASS-P1+P2,"Same motor-direction rule."
R026,REPEATED_CONCEPT,"DC generator કયા principle પર કામ કરે છે?","Faraday's electromagnetic induction","DGVCL 22-04-2018 historical source / synthesis","DGVCL 24-10-2021 technical source","DGVCL 19-01-2025 Paper A Q80",3,PASS-P1+P2,"Same generator principle across inspected DGVCL sources."
R027,REPEATED_CONCEPT,"DC motor ને starter શા માટે જરૂરી છે?","Armature starting current ઘટાડવા","DGVCL 22-04-2018 historical source / synthesis","DGVCL 24-10-2021 technical source","DGVCL 19-01-2025 Paper A Q98",3,PASS-P1+P2,"Same starter-purpose concept."
R028,REPEATED_CONCEPT,"Battery capacity નો unit શું છે?","Ampere-hour (Ah)","DGVCL 22-04-2018 historical source / synthesis","","DGVCL 19-01-2025 Paper A Q76",2,PASS-P1+P2,"Same battery-unit concept."
R029,REPEATED_CONCEPT,"Battery ને ટૂંકા સમય માટે high-rate charge કરવાની પદ્ધતિ કઈ?","Boost charge","DGVCL 22-04-2018 historical source / synthesis","","DGVCL 19-01-2025 Paper A Q81",2,PASS-P1+P2,"Same charging-method concept."
R030,REPEATED_CONCEPT,"Household wiring માં fuse સામાન્ય રીતે કઈ line માં જોડાય છે?","Live line in series","DGVCL 22-04-2018 historical source / synthesis","","DGVCL 19-01-2025 Paper A Q3",2,PASS-P1+P2,"Same wiring-safety concept."
R031,REPEATED_CONCEPT,"MCB નું bimetallic strip મુખ્યત્વે શું કરે છે?","Overload protection","DGVCL 22-04-2018 historical source / synthesis","","DGVCL 19-01-2025 Paper A Q20",2,PASS-P1+P2,"Same protective-device concept."
R032,REPEATED_CONCEPT,"Megger નો મુખ્ય ઉપયોગ શું છે?","Insulation resistance measurement","DGVCL 22-04-2018 historical source / synthesis","","DGVCL 19-01-2025 Paper A Q89",2,PASS-P1+P2,"Same instrument purpose."
R033,REPEATED_CONCEPT,"Hydrometer નો ઉપયોગ શા માટે થાય છે?","Battery electrolyte specific gravity માપવા","DGVCL 22-04-2018 historical source / synthesis","","DGVCL 19-01-2025 Paper A Q87",2,PASS-P1+P2,"Same battery-maintenance instrument question."
R034,REPEATED_CONCEPT,"Circuit breaker નું મૂળ કાર્ય શું છે?","Switching and protection / automatic breaking under abnormal conditions","DGVCL 22-04-2018 historical source / synthesis","","DGVCL 19-01-2025 Paper A Q88",2,PASS-P1+P2,"Same circuit-breaker function."
R035,REPEATED_CONCEPT,"Moving-coil instrument નું scale uniform કેમ હોય છે?","Deflecting torque is proportional to current","DGVCL 22-04-2018 historical source / synthesis","","DGVCL 19-01-2025 Paper A Q78",2,PASS-P1+P2,"Same moving-coil scale principle."
R036,REPEATED_CONCEPT,"Electrodynamometer type instrument કઈ quantity માપે છે?","Power","DGVCL 22-04-2018 historical source / synthesis","","DGVCL 19-01-2025 Paper A Q22",2,PASS-P1+P2,"Same instrument application."
R037,REPEATED_CONCEPT,"Power sub-circuit માટે maximum permissible load કેટલો પૂછાયો છે?","3000 W","DGVCL 22-04-2018 historical source / synthesis","","DGVCL 19-01-2025 Paper A Q77",2,PASS-P1+P2,"Same installation-rule numerical limit."
R038,REPEATED_CONCEPT,"Alternator / synchronous machine માં 4-pole, 50 Hz speed calculation કઈ formula પરથી થાય છે?","Ns = 120f/P","DGVCL 22-04-2018 historical source / synthesis","DGVCL 24-10-2021 technical source","DGVCL 19-01-2025 Paper A Q32",3,PASS-P1+P2,"Same synchronous-speed formula appears repeatedly."