source_id,source_type,source,title_or_description,url,used_for,verification_notes
S001,secondary_archive,MaruGujarat,"DGVCL Vidhyut Sahayak (Electrical Assistant) (02-10-2016) Question Paper with Revised Answer key",https://www.marugujarat.in/old-question-papers-paper-solutions-page-3/,2016,"Explicitly identifies DGVCL, post and exam date."
S002,secondary_archive,RIJADEJA,"DGVCL Vidyut Sahayak (Electrical Asst) Question paper & Answer key 2018",https://updates.rijadeja.com/2018/04/dgvcl-vidyut-sahayak-electrical-asst-question-paper-answer-key-2018.html,2018,"Contemporaneous report says DGVCL published question paper and answer key for exam held 22-04-2018."
S003,secondary_archive,MaruGujarat,"DGVCL Ex. Apprentice to Vidyut Sahayak (Electrical Assistant) Question Paper (11-08-2019)",https://www.updatesmarugujarat.in/2019/08/dgvcl-ex-apprentice-to-vidyut-sahayak_11.html,2019,"Explicitly identifies DGVCL, Ex-Apprentice to Electrical Assistant and exam date."
S004,secondary_archive,MaruGujarat,"DGVCL Vidyut Sahayak (Electrician Assistant) Result & Answer key (24-10-2021)",https://www.marugujarat.in/2021/10/dgvcl-vidyut-sahayak-electrician-assistant-result-answer-key-24-10-2021/,2021,"Lists question papers and answer keys for Paper Types A-D."
S005,secondary_report,Kawant Express,"DGVCL Vidyut Sahayak answer keys for Paper A/B/C/D",https://ojasgujnic-in.blogspot.com/2021/10/result-answer-key-for-dgvcl-vidyut.html,2021,"Reports direct DGVCL-hosted answer-key URLs for A-D."
S006,secondary_archive,MaruGujarat,"DGVCL Vidyut Sahayak (Electrical Assistant) 3rd allotment 2022",https://marugujarat.net/2022/06/dgvcl-vidyut-sahayak-electrical-assistant/,2022,"States that the written test used for selection was held on 24-10-2021."
S007,secondary_archive,MaruGujarat,"DGVCL Result for Ex-Apprentice to Vidyut Sahayak (Electrical Assistant)",https://www.marugujarat.in/2023/03/dgvcl-result-for-ex-apprentice/,2023,"States that DGVCL conducted a written test on 19-03-2023 for Ex-Apprentice Electrical Assistant; paper PDF still not recovered."
S008,secondary_archive,MaruGujarat,"DGVCL Vidyut Sahayak JE Previous Year Papers",https://testbook.com/dgvcl-vidyut-sahayak-je/previous-year-papers,EXCLUDED,"Used only to prevent accidental mixing of DGVCL JE with Electrical Assistant."
S009,secondary_archive,MaruGujarat,"MGVCL Vidyut Sahayak (Junior Engineer - Civil), 05-03-2017",https://www.marugujarat.in/old-question-papers-paper-solutions-page-4/,EXCLUDED,"2017 search false positive: different DISCOM and different post; not a DGVCL Electrical Assistant paper."
S010,video,YouTube,"GETCO Electrical Junior Engineer paper discussion, 10-06-2017",https://www.youtube.com/watch?v=ICkPBy1PLDI,EXCLUDED,"Search false positive for 2017; GETCO JE is not DGVCL Electrical Assistant."
S011,secondary_archive,MaruGujarat,"PGVCL Vidyut Sahayak (Electrical Assistant), 25-01-2020",https://www.updatesmarugujarat.in/2020/01/pgvcl-vidyut-sahayak-electrical_88.html,EXCLUDED,"Search false positive for 2020; PGVCL is a different DISCOM."
S012,secondary_archive,MaruGujarat,"DGVCL Electrical Assistant paper archive references for 2018",https://www.marugujarat.in/old-question-papers-paper-solutions-page-5/,2018,"Cross-posted index entry for the same 22-04-2018 event; not evidence of an extra set."
S013,secondary_archive,MaruGujarat,"DGVCL Electrical Assistant paper archive references for 2019",https://www.marugujarat.in/old-question-papers-paper-solutions-page-6/,2019,"Lists DGVCL Ex-Apprentice EA on 11-08-2019 and separately UGVCL EA on 10-08-2019; UGVCL is excluded."
S014,video,YouTube,"DGVCL Electrical Assistant paper discussion for 02-10-2016",https://www.youtube.com/watch?v=SSrdoP9fMz0,2016,"Same-dated paper discussion/solution; not evidence of a second paper set."
